"Time","Source","EventID","Description","Interpretation"
"2026-09-16 13:23:56","PowerShell Operational","4104","PowerShell script-block activity begins within examined 13:20-13:30 window","Script-block activity established; event alone does not establish malicious execution"
"2026-09-16 13:27:45","PowerShell Operational","4104","Complete 119-part Exchange temporary module script block recorded","Large multi-part Exchange module content recorded; keyword occurrence alone does not establish malicious behavior"
"2026-09-17 13:24:09","Prefetch","N/A","POWERSHELL.EXE Prefetch LastWriteTime","Filesystem timestamp is temporally consistent with nearby PowerShell activity; it is not treated as an exact execution timestamp"
"2026-09-17 13:28:54.6857174","System / DNS Client","1014","DNS resolution for get.activated.win timed out; Client PID 23160","DNS failure established for the domain; PID association is present in the DNS event"
"2026-09-17 13:28:54.7523490","PowerShell","4100","Invoke-RestMethod reported remote name could not be resolved for get.activated.win","PowerShell web-related command failure occurred approximately 66.6 ms after DNS timeout; strongly supports the same failed name-resolution sequence"
"2026-09-22 10:36:37","Security","4798","Earliest retained Security.evtx record","Security evidence begins here; it cannot corroborate 16-17 September activity"
"2026-09-22 18:30:12","Security","4625","First retained three-event network-logon failure cluster from 10.226.76.181","Beginning of recurring failed network-authentication pattern; does not independently establish brute force"
"2026-09-25 10:23:43","Security","4625","Distinct Logon Type 2 authentication failure","Characteristics differ from the 15 network failures and should not be treated as the same activity"
"2026-09-25 19:11:05","Acquisition","N/A","Security.evtx exported following controlled elevation","Read-only acquisition enabled Security-log examination after initial non-elevated access failure"
