"FindingID","Artifact","Finding","Interpretation"
"D10-SYS-001","SYSTEM\Select","Current=1, Default=1, LastKnownGood=1, Failed=0","ControlSet001 is the current control set indicated by the examined SYSTEM snapshot."
"D10-SYS-002","ControlSet001\Control\ComputerName\ComputerName","ComputerName=DESKTOP-PCML6D5","The examined SYSTEM snapshot records the computer name DESKTOP-PCML6D5."
"D10-SYS-003","ControlSet001\Services","834 service keys identified.","Service-key count describes the examined snapshot and does not itself indicate malicious activity."
"D10-SYS-004","ControlSet001\Services\NativePushService","ImagePath=""C:\Users\Ifean\AppData\Local\Wondershare\Wondershare NativePush\WsNativePushService.exe""; Start=2; Type=16; ObjectName=LocalSystem","A service configuration referencing a user-profile executable path was identified. The Registry entry alone does not establish maliciousness, execution, or who created it."
"D10-SYS-005","ControlSet001\Services","No service ImagePath specifically referencing an executable named update.exe was identified by the exact-name query.","This is a scoped negative finding and does not establish historical absence of update.exe or service persistence."
"D10-SYS-006","ControlSet001\Enum\USBSTOR","SanDisk Ultra USB Device; InstanceID=4C530001120320106312&0","The SYSTEM snapshot contains Windows USB-storage enumeration information associated with this SanDisk device instance."
"D10-SYS-007","MountedDevices","SanDisk instance 4C530001120320106312&0 is referenced by \DosDevices\D:.","The examined SYSTEM snapshot supports an association between this SanDisk device instance and the recorded D: drive-letter mapping."
"D10-SYS-008","MountedDevices","Volume{489ba1c2-1ba5-11f1-9343-7c7635a32973} references the same SanDisk device instance.","The volume mapping provides additional Registry correlation to the identified SanDisk device."
"D10-SYS-009","USBSTOR SanDisk instance subkeys","Device Parameters was observed; further child-key enumeration returned Requested registry access is not allowed.","Child-key inspection was incomplete and should not be represented as a complete subkey inventory."
