"Timestamp","Source","Event","Artifact","Details"
"2026-09-23T09:19:41+01:00","Filesystem","FileObserved","C:\Users\David\Downloads\Invoice-September.docm","Filesystem artifact"
"2026-09-23T09:19:58+01:00","Process","ProcessExecution","WINWORD.EXE","PID=4216; Parent=explorer.exe; User=David; CommandLine=""C:\Program Files\Microsoft Office\root\Office16\WINWORD.EXE"" ""C:\Users\David\Downloads\Invoice-September.docm"""
"2026-09-23T09:20:14+01:00","Process","ProcessExecution","powershell.exe","PID=5368; Parent=WINWORD.EXE; User=David; CommandLine=powershell.exe -NoProfile -WindowStyle Hidden -EncodedCommand <TRAINING-DATA>"
"2026-09-23T09:20:18+01:00","Filesystem","FileCreated","C:\Users\David\AppData\Local\Temp\update.exe","Filesystem artifact"
"2026-09-23T09:20:19+01:00","Process","ProcessExecution","update.exe","PID=5844; Parent=powershell.exe; User=David; CommandLine=C:\Users\David\AppData\Local\Temp\update.exe"
"2026-09-23T09:20:25+01:00","Network","NetworkConnection","185.XX.XX.24:443","Process=powershell.exe; PID=5368; BytesSent=1842; BytesReceived=5276"
"2026-09-23T09:24:03+01:00","USB","DeviceConnected","SanDisk Ultra","Serial=DFIR-D07-USB-001; Drive=E:; UserContext=David"
"2026-09-23T09:25:41+01:00","Filesystem","FileAccessed","C:\Users\David\Documents\Board-Financial-Plan-2027.xlsx","Filesystem artifact"
"2026-09-23T09:27:12+01:00","Filesystem","FileDeleted","C:\Users\David\Documents\Board-Financial-Plan-2027.xlsx","Filesystem artifact"
